,BrandName,ProductName,ProductPrice,ProductRating,ProductNoOfratings
0,Casio,Youth Digital Analog-Digital Black Dial Men's Watch - HDC-700-3AVDF (D155),"3,995",4.3 out of 5 stars,(821)
1,Giordano,Designer Multifunction Watch for Men with Square Dial and Leather Band – Elegant Casual & Formal Style,"5,486",4.0 out of 5 stars,(122)
2,Titan,Wedding Bandhan Analog Silver Dial Unisex Watch NM17732603KM01/NN17732603KM01/NP17732603KM01,"7,476",4.4 out of 5 stars,(131)
3,Michael Kors,"Michael Kors Stainless Steel Women's Analog Rose Dial Rose Gold Strap Watch, Mk5799","22,995",4.5 out of 5 stars,(3.2K)
4,Armani Exchange,Stainless Steel Analog Blue Dial Men's Watch-AX2457,"23,995",3.9 out of 5 stars,(15)
5,Noise,"Noise Pulse 2 Pro [New Launch] 1.8"" Vibrant Display, Bluetooth Calling Smart Watch for Men & Women, 7 Days Battery Life, Metallic Finish, Built-in Games, Voice Assistance, Health Suite (Elite Black)","1,699",3.9 out of 5 stars,(24.5K)
6,Casio,Analog-Digital Black Dial Men's Watch-GA-2100-1ADR (G986),"9,195",4.5 out of 5 stars,(617)
7,Titan,Grandmaster Analog Black Dial Men's Watch NM1787KM02/NN1787KM02/NP1787KM02,"10,727.",3.9 out of 5 stars,(59)
8,Fossil,Fossil Gen 6 Display Wellness Edition Pink Smartwatch FTW4071,"11,997",3.3 out of 5 stars,(1.5K)
9,OnePlus,"OnePlus Watch 2 with Wear OS 4,Snapdragon W5 Chipset,Upto 100hrs battery life,1.43’’ AMOLED Display,Stainless Steel & Sapphire Crystal build,Dual Frequency GPS,5 ATM, IP68 & BT Calling (Radiant Steel)","13,999",4.3 out of 5 stars,(521)
10,Fossil,"Fossil Stainless Steel Luther Analog Black Dial Men's Watch-Bq2328, Band Color:Silver","10,146",4.2 out of 5 stars,(37)
11,Fastrack,Fastrack Vyb 6.0 Horizon Quartz Navy Blue Shaped Dial Men's Watch | Stainless Steel Strap Material Analog | Guys Analog Watches - FV30031KM01,"1,493",3.9 out of 5 stars,(12)
12,Google,"Google Pixel Watch 2 with The Best of Fitbit Heart Rate Tracking, Stress Management, Safety Features - Android Smartwatch - Obsidian Black Active Band - Wi-Fi","19,999",4.0 out of 5 stars,(208)
13,Titan,Titan Bandhan Quartz Analog with Day & Date Silver Dial Brown Leather Strap Couple Watch - NT17742565WL01,"8,496",4.5 out of 5 stars,(38)
14,boAt,"Boat Wave Call 3 Smartwatch 1.83” HD Display with Animated Watch Faces; BT Calling, Functional Crown, Multiple Sports Modes, IP68, HR, SpO2 Monitor, Smart Watches for Men & Women (Bold Black)","1,399",4.1 out of 5 stars,(25.1K)
15,TIMEX,Automatic Watch for Man with Blue Round Dial & Blue Leather Strap Band Water Resistant Men's Wrist Watches,"7,747.",4.2 out of 5 stars,(95)
16,Sonata,Sonata Poze 6 Cinnamon City Ladies Quartz White MOP Round Dial Women's Watch | Stainless Steel Strap Material | Watches for Women Analog - SP80133WM01,"1,690.",5.0 out of 5 stars,(2)
17,Fossil,Fossil Chronograph Black Dial and Band Men's Stainless Steel Watch-BQ2364,"8,121",4.2 out of 5 stars,(1.6K)
18,Apple,Apple Watch Ultra 3 GPS + Cellular 49mm Black Titanium Case with Black Titanium Milanese Loop - Medium,"1,04,900",4.0 out of 5 stars,(2)
19,Fastrack,Casual Analog White Dial Men's Watch-NL3121SM01/NP3121SM01,"1,995",4.1 out of 5 stars,(4.9K)
20,Titan,Sonata Quartz Analog White Dial Brown Leather Strap Watch for Men - NT7135SL03,925,4.2 out of 5 stars,(1.1K)
21,OnePlus,"OnePlus Watch 2R with Wear OS 4 by Google,Snapdragon W5 Chipset,Upto 100hrs Battery Life,1.43’’ AMOLED Display,100+ Sports Mode,Dual Frequency GPS,5 ATM,IP68 & BT Calling [Gunmetal Gray]","12,999",4.3 out of 5 stars,(492)
22,Amazfit,"Amazfit Active 2 44mm AMOLED Smart Watch, Built in GPS, 10day Battery, 5ATM Water Resistant, for iOS & Android, Accurate Readings, 2000 Nits Bright, 160+ Sports Mode, Sleep Monitor, Black Silicone","9,999",4.2 out of 5 stars,(1.2K)
23,Sonata,Analog White Dial Men's Watch NM77049YM03/NN77049YM03,849,4.1 out of 5 stars,(1.3K)
24,Titan,"Titan Heritage 1.43"" AMOLED Stainless Steel Bracelet Smart Watch for Men, BT Calling, Voice Assistant, Quick Health Measurement, Functional Crown, 3D UI, 60Hz Display, Fast Charging (Blue)","12,495",3.8 out of 5 stars,(187)
25,Fire-Boltt,"Fire-Boltt Ninja Call Pro Plus Smart Watch 1.83” HD Display, Bluetooth Calling, AI Voice Assistant, 100 Sports Modes, IP67 Waterproof, SpO2 Monitor, Smart Watch for Man & Woman- Blue","1,299",3.9 out of 5 stars,(1.2L)
26,Titan,Analog White Dial Men's Watch NM1639SL03/NN1639SL03,"1,995",4.0 out of 5 stars,(1.1K)
27,Emporio Armani,"Analog Black Dial Men's Watch-AR11360 Stainless Steel, silver Strap","27,995",4.5 out of 5 stars,(7)
28,Samsung,"Samsung Galaxy Watch6 Classic (Black, 47mm) | Rotating Bezel | LTE | Monitor BP and ECG | Track Sleep | Track Health | Upto 40hrs Charge with Fast Charging | Galaxy Ecosystem | IP68 Rating","17,999",4.1 out of 5 stars,(939)
29,Titan,Karishma Analog Black Dial Men's Watch NK1578SM04 / NK1578SM04,"2,595",4.1 out of 5 stars,(1.2K)
30,Titan,Titan Neo Analog Blue Dial Men's Watch NM1733KL01/NN1733KL01/NP1733KL01,"5,289",4.3 out of 5 stars,(365)
31,Redmi,"Redmi Watch 5 Lite, 1.96"" Amoled, Advanced in-Built GPS, 5 ATM, 18 Day Battery, Bluetooth Calling with AI Noise Reduction, Always on Display, Light Gold","3,499",4.0 out of 5 stars,(1.1K)
32,Fastrack,Trendies Analog Black Dial Men's Watch NM38045PP03/NN38045PP03,"2,395",4.3 out of 5 stars,(2.7K)
33,Michael Kors,Parker Analog White Dial Gold Band Women's Stainless Steel Watch-MK5491,"22,993",4.2 out of 5 stars,(549)
34,Titan,Karishma Analog Multi-Colour Dial Men's Watch NM1639SM01/NN1639SM01,"1,993",4.4 out of 5 stars,(1.4K)
35,Casio,G-Shock GA-2100-1A1DR Black Analog-Digital Dial Black Resin Strap Men's Watch Shock and 200M Water Resistant G987,"8,534",4.3 out of 5 stars,(2.1K)
36,Titan,Titan Maritime Quartz Chronograph With Date White Dial Green Leather Strap Watch for Men - NT1830KL01,"13,276",4.4 out of 5 stars,(361)
37,Titan,Neo Analog Blue Dial Men's Watch NM1734KM02/NN1734KM02/NP1734KM02,"7,468",4.3 out of 5 stars,(563)
38,Samsung,"Samsung Galaxy Watch Ultra (47mm, LTE, Silver) with Upto 100h battery | 3nm Processor | Dual GPS | Quick Button/Siren | Sapphire Glass & Titanium | 10ATM & IP68 | BP & ECG Monitor |Energy Score & AGEs","34,800",4.3 out of 5 stars,(122)
39,Sonata,Essentials Analog Silver Dial Men's Watch NM77082SL01W/NN77082SL01W,849,4.2 out of 5 stars,(2.1K)
40,Titan,Titan Neo Curve Quartz Analog with Date Blue Dial Brown Leather Strap Watch for Men - NT1885SL03,"5,165",4.4 out of 5 stars,(355)
41,boAt,"boAt Chrome Horizon, Video Watch Faces, 1.51” AMOLED Display, HRV & VO2 Max, Auto-Activity Detection, ASAP Charge, Advanced Bluetooth Calling, IP68, Heart Rate & SpO2 Monitor Smart Watch(Steel Black)","3,599",4.0 out of 5 stars,(334)
42,Titan,Analog Gold Dial Men's Watch NM1648YM02/NN1648YM02/NP1648YM02,"1,995",4.2 out of 5 stars,(773)
43,Fastrack,"Fastrack Limitless FS2 Pro 1.96"" AMOLED Smart Watch with BT Calling, AI Voice Assistant, 100+ Sports Modes, 5-Day Battery, Fast Charge, Health Tracking, – Smartwatch for Men & Women (Beige)","2,995",4.0 out of 5 stars,(4.3K)
44,Casio,G-Shock GMA-P2100BB-1ADR Analog-Digital Black Dial Women (G1615),"8,495",3.5 out of 5 stars,(8)
45,OnePlus,"OnePlus Watch 2 with Wear OS4,Snapdragon W5 Chipset,Upto 100 hrs Battery Life,1.43’’ AMOLED Display,Stainless Steel & Sapphire Crystal Build,Dual Frequency GPS,IP68 & Bluetooth Calling (Black Steel)","12,999",4.3 out of 5 stars,(521)
46,Casio,MTP-VT01L-1B Men's Minimalistic Black Dial Black Leather Band Analog Watch,"3,295",4.3 out of 5 stars,(1.3K)
47,Titan,Titan Neo Splash Sartorial Quartz Multifunction Blue Dial Blue Stainless Steel Strap Watch for Men - NT1805QM02,"7,468",4.4 out of 5 stars,(190)
48,Fossil,"Fossil Men Silicone Machine Chronograph Black Dial Watch-Fs4487, Band Color-Black","13,495",4.2 out of 5 stars,(406)
49,Daniel Hechter,Paris Bercy Collection Modern Multi Functional Watch for Men with Square Dial and Silicon Band-DHM1001,"2,780",4.3 out of 5 stars,(509)
50,Fire-Boltt,"Fire-Boltt Talk Bluetooth Calling Smartwatch, 1.39"" TFT Display with Dual Button, Hands On Voice Assistance, 120 Sports Modes, in Built Mic & Speaker (Talk, Black)",999,4.0 out of 5 stars,(58.3K)
51,Fire-Boltt,"Fire-Boltt Newly Launched Phoenix Ultra Blaze Luxury Stainless Steel, Bluetooth Calling Smart Watch, AI Voice Assistant, Metal Body with 120+ Sports Modes, SpO2, Heart Rate Monitoring (Silver)","1,099",3.8 out of 5 stars,(5K)
52,Samsung,"Samsung Galaxy Watch Ultra (47mm, LTE, Silver) with Upto 100h battery | 3nm Processor | Dual GPS | Quick Button/Siren | Sapphire Glass & Titanium | 10ATM & IP68 | BP & ECG Monitor |Energy Score & AGEs","34,800",4.3 out of 5 stars,(122)
53,Sonata,Sonata Poze 6 Terra Trails Quartz Blue Round Dial Men's Watch | Stainless Steel Strap Material | Watches for Men Analog - SP70073KM01,830.,2.5 out of 5 stars,(2)
54,Titan,Titan Neo Curve Quartz Analog with Date Blue Dial Brown Leather Strap Watch for Men - NT1885SL03,"5,165",4.4 out of 5 stars,(355)
55,OnePlus,"OnePlus Watch 2R with Wear OS 4 by Google,Snapdragon W5 Chipset,Upto 100hrs Battery Life,1.43’’ AMOLED Display,100+ Sports Mode,Dual Frequency GPS,5 ATM,IP68 & BT Calling [Gunmetal Gray]","12,999",4.3 out of 5 stars,(492)
56,Titan,Karishma Analog Black Dial Men's Watch NK1578SM04 / NK1578SM04,"2,595",4.1 out of 5 stars,(1.2K)
57,Casio,G-Shock GMA-P2100BB-1ADR Analog-Digital Black Dial Women (G1615),"8,495",3.5 out of 5 stars,(8)
58,Titan,Analog White Dial Men's Watch NM1639SL03/NN1639SL03,"1,995",4.0 out of 5 stars,(1.1K)
59,Fastrack,Trendies Analog Black Dial Men's Watch NM38045PP03/NN38045PP03,"2,395",4.3 out of 5 stars,(2.7K)
60,Sonata,Sonata Poze 6 Chrome Calling Quartz Blue Round Dial Men's Watch | Cut foled/Sheet Strap Material | Watches for Men Analog - SP70078SM01,"1,196",3.8 out of 5 stars,(10)
61,Sonata,Essentials Analog Silver Dial Men's Watch NM77082SL01W/NN77082SL01W,849,4.2 out of 5 stars,(2.1K)
62,Titan,"Titan Heritage 1.43"" AMOLED Stainless Steel Bracelet Smart Watch for Men, BT Calling, Voice Assistant, Quick Health Measurement, Functional Crown, 3D UI, 60Hz Display, Fast Charging (Blue)","12,495",3.8 out of 5 stars,(187)
63,Casio,MTP-VT01L-1B Men's Minimalistic Black Dial Black Leather Band Analog Watch,"3,295",4.3 out of 5 stars,(1.3K)
64,Redmi,"Redmi Watch 5 Lite, 1.96"" Amoled, Advanced in-Built GPS, 5 ATM, 18 Day Battery, Bluetooth Calling with AI Noise Reduction, Always on Display, Light Gold","3,499",4.0 out of 5 stars,(1.1K)
65,Fastrack,"Fastrack Limitless Valor Smart Watch with 1.91"" Ultra HD Display, Bluetooth Calling, SpO2, 100+ Sports Modes,Working Crown, Heart Rate & IP68 – Smartwatch for Man & Women Latest, 7-Day Battery (Black)","1,999",3.9 out of 5 stars,(4.2K)
66,TIMEX,Men's Expedition Metal Field 40mm Watch,"3,147.",4.2 out of 5 stars,(2.2K)
67,OnePlus,"OnePlus Watch 2 with Wear OS4,Snapdragon W5 Chipset,Upto 100 hrs Battery Life,1.43’’ AMOLED Display,Stainless Steel & Sapphire Crystal Build,Dual Frequency GPS,IP68 & Bluetooth Calling (Black Steel)","12,999",4.3 out of 5 stars,(521)
68,Carlington,"Digital Sports Watch, Dual Time, Alarm, Calendar, Stopwatch, Water-Resistant, Shock-Resistant, Back Light Display. The Perfect Watch for Men - CT 2106",999,4.0 out of 5 stars,(45)
69,Fossil,Fossil Analog Black Dial Men's Watch - FS5447,"7,995",4.2 out of 5 stars,(4.3K)
70,Fossil,Analog Black Dial Men's Watch-BQ2746,"9,096",5.0 out of 5 stars,(2)
71,Fossil,Nate Chronograph Analog Black Dial Grey Band Men's Watch,"15,995",4.0 out of 5 stars,(11.2K)
72,Fastrack,Fastrack Trendies Analog Black Dial Men's Watch-38058PP03/NP38058PP03,"1,595",4.1 out of 5 stars,(815)
73,Titan,Karishma Analog Multi-Colour Dial Men's Watch NM1639SM01/NN1639SM01,"1,993",4.4 out of 5 stars,(1.4K)
74,Titan,Neo Analog Blue Dial Men's Watch NM1734KM02/NN1734KM02/NP1734KM02,"7,468",4.3 out of 5 stars,(563)
75,Casio,G-Shock GA-2100-1A1DR Black Analog-Digital Dial Black Resin Strap Men's Watch Shock and 200M Water Resistant G987,"8,534",4.3 out of 5 stars,(2.1K)
76,Fastrack,"Fastrack Limitless Glide X 1.83"" Smart Watch with Ultra UV HD Display, SpO2, Heart Rate & Sleep Tracking, Bluetooth Calling, 100+ Sports Modes, 5-Day Battery, Smartwatch for Men & Women (Wine Red)","1,499",4.0 out of 5 stars,(15K)
77,Diesel,"Mr. Daddy 2 Multicolor Quartz Stainless Steel Watch Dz7486, Chronograph, Men","40,995",3.1 out of 5 stars,(4)
78,Titan,Titan Neo Splash Sartorial Quartz Multifunction Blue Dial Blue Stainless Steel Strap Watch for Men - NT1805QM02,"7,468",4.4 out of 5 stars,(190)
79,boAt,"boAt Chrome Horizon, Video Watch Faces, 1.51” AMOLED Display, HRV & VO2 Max, Auto-Activity Detection, ASAP Charge, Advanced Bluetooth Calling, IP68, Heart Rate & SpO2 Monitor Smart Watch(Steel Black)","3,599",4.0 out of 5 stars,(334)
80,boAt,"boAt Wave Call Smart Watch w/Bluetooth Calling, 1.69"" (4.2 cm) HD Display w/ 550 NITS & 70% Color Gamut, 150+ Watch Faces, Multi-Sport Modes,HR,SpO2, IP68(Bold Black)","1,349",3.9 out of 5 stars,(27.7K)
81,Casio,G-Shock GA-400GB-1A9DR Analog-Digital Gold Dial Men Watch Black Resin Strap (G651),"9,864.",4.4 out of 5 stars,(398)
82,Titan,Autumn-Winter 19 Analog Silver Dial Men's Watch NM1584SL03/NN1584SL03/NP1584SL03,"3,025",4.2 out of 5 stars,(3.9K)
83,Casio,G-Shock Casio GA-140-1A1DR Analog-Digital Black Dial Men Watch (G975),"8,995",4.5 out of 5 stars,(780)
84,Titan,Analog Gold Dial Men's Watch NM1648YM02/NN1648YM02/NP1648YM02,"1,995",4.2 out of 5 stars,(773)
85,Titan,Titan Maritime Quartz Chronograph With Date White Dial Green Leather Strap Watch for Men - NT1830KL01,"13,276",4.4 out of 5 stars,(361)
86,Seiko,Seiko Analog Stainless Steel Blue Dial Silver Band Men's Watch-SSK003K1,"40,500",4.5 out of 5 stars,(1.1K)
87,Fastrack,Ruffles Analog Beige Dial Women's Watch-6216QM01/NP6216QM01,"3,995",4.3 out of 5 stars,(556)
88,Fastrack,Fastrack Vyb 6.0 Nimbus Quartz Navy Blue Round Dial Men's Watch | Stainless Steel Strap Material Analog | Guys Analog Watches - FV30032KM01,"2,093",4.6 out of 5 stars,(3)
89,Titan,Titan Ceramic Fusion Automatic Black Dial Two Toned Rose Gold Steel & Black Ceramic Strap Watch for Men - NT90175KD03,"29,995",4.1 out of 5 stars,(29)
90,Titan,Autumn-Winter 19 Analog Blue Dial Men's Watch NM1698SM02/NN1698SM02,"5,745",4.3 out of 5 stars,(515)
91,Fossil,Analog Black Dial Men's Watch-FS5164,"8,247",4.3 out of 5 stars,(1.7K)
92,Fire-Boltt,"Fire-Boltt Brillia Smart Watch 2.02” AMOLED Display, Bluetooth Calling, SpO2, Heart Rate Monitor, 120+ Sports Modes, Fitness Tracker, Voice Assistant, Smart Watch for Man & Women– Black","1,999",3.8 out of 5 stars,(23.4K)
93,Fastrack,Fastrack Tick Tock Quartz Multifunction Black Dial Brown Leather Strap Watch for Guys – NT3287NL01,"3,995",4.4 out of 5 stars,(205)
94,Titan,Titan Opulent LII Quartz Multifunction Green Dial Rose Gold Stainless Steel Strap Watch for Men - NT90127YM05,"9,463",4.4 out of 5 stars,(86)
95,TIMEX,Analog Watch for Man with Round Dial & Water Resistant Men's Wrist Watches,"4,897.",4.2 out of 5 stars,(22)
96,Titan,Titan Classique Quartz Multifunction Black Dial Two Toned Black and Gold Stainless Steel Strap Watch for Men - NT1805KM03,"8,210",4.7 out of 5 stars,(31)
97,Titan,Neo Analog Silver Dial Men's Watch NN1733KM03/NP1733KM03,"7,355",4.2 out of 5 stars,(838)
98,Casio,Casio Enticer Men MTP-1302PD-4AVEF Analog Red Dial Men (A2367),"3,681",4.5 out of 5 stars,(10.1K)
99,Seiko,"Seiko Stainless Steel Analog Green Dial Men Watch-Srpd63K1, Bandcolor-Silver","27,000",4.5 out of 5 stars,(4.8K)
100,Fastrack,Fastrack Vyb 6.0 Maverick Quartz Brown Shaped Dial Men's Watch | Stainless Steel Strap Material Analog | Guys Analog Watches - FV30035QM02W,"1,844",4.8 out of 5 stars,(6)
101,Fastrack,Fastrack Stunners Quartz Analog White Dial Silver Metal Strap Watch for Guys - 3278SM04,"1,494",4.4 out of 5 stars,(314)
102,TIMEX,Analog Watch for Men Available in Multicolor Dial & Silver Stainless Steel Bracelet Band - Water Resistant Wrist Watches,"2,798",4.3 out of 5 stars,(48)
103,Casio,G-Shock GA-140-1A4DR Analog-Digital Black Dial Men Watch Black Resin Strap (G976),"8,347",4.5 out of 5 stars,(590)
104,Pebble,"Pebble Hive 1.39"" Octa Display Smartwatch | BT Calling | Multi Sports Modes | Sleep Monitoring | Health Suite | Customizable Watch Faces | in-Built Games & World Clock","1,999",3.8 out of 5 stars,(294)
105,Fossil,Neutra Analog Green Dial Men's Watch-FS5963,"12,995",4.7 out of 5 stars,(62)
106,Fire-Boltt,"Fire-Boltt Axiom Smart Watch – 1.43"" AMOLED Display, Health & Fitness Tracking, Always-On Screen, Wireless Charging, Rotating Crown, Bluetooth Calling, Metal Case Smart Watch for Man & Woman- Black","2,499",4.0 out of 5 stars,(595)
107,ORSGA,"TITON Analog Business Casual Stainless Steel Strap Decorative Subdials Watch for Men, Stylish Waterproof Wrist Watch","2,949",5.0 out of 5 stars,(2)
108,Daniel Hechter,Paris Bercy Collection Modern Multi Functional Watch for Men with Square Dial and Silicon Band-DHM1001,"2,780",4.3 out of 5 stars,(509)
109,Fire-Boltt,"Fire-Boltt Newly Launched Phoenix Ultra Blaze Luxury Stainless Steel, Bluetooth Calling Smart Watch, AI Voice Assistant, Metal Body with 120+ Sports Modes, SpO2, Heart Rate Monitoring (Silver)","1,099",3.8 out of 5 stars,(5K)
110,Fire-Boltt,"Fire-Boltt Talk Bluetooth Calling Smartwatch, 1.39"" TFT Display with Dual Button, Hands On Voice Assistance, 120 Sports Modes, in Built Mic & Speaker (Talk, Black)",999,4.0 out of 5 stars,(58.3K)
111,Carlington,"Digital Sports Watch, Dual Time, Alarm, Calendar, Stopwatch, Water-Resistant, Shock-Resistant, Back Light Display. The Perfect Watch for Men - CT 2106",999,4.0 out of 5 stars,(45)
112,Titan,Titan Classique Slimline Quartz Analog with Date Anthracite Dial Anthracite Stainless Steel Strap Watch for Men - NT90142QM02,"10,693",4.2 out of 5 stars,(88)
113,Titan,Titan Neo Splash Quartz Multifunction Black Dial Brown Stainless Steel Strap Watch for Men - NT1805QM05,"7,795",4.4 out of 5 stars,(144)
114,Titan,Titan Neo Analog Black Dial Men's Watch NM1733KM01/NN1733KM01,"5,745",4.3 out of 5 stars,(924)
115,Armani Exchange,Armani Exchange Mens Hampton Stainless Steel Chronograph Watch - AX2164 (Black_Free Size),"17,845",4.4 out of 5 stars,(1.5K)
116,Titan,Titan Phoenix Skeletal Automatic Analog with Gun Dial Brown Leather Strap Watch for Men - 90223WL01,"17,995",4.3 out of 5 stars,(22)
117,Noise,"Noise Pro 6 Max Smart Watch:Intelligent AI, Endless AI Watch Faces, AI Companion, 1.96” AMOLED, Stainless Steel Build, Built-in GPS, 5 ATM, EN2 Processor, for iOS & Android(Pure Titanium)","7,999",4.0 out of 5 stars,(22.3K)
118,Casio,G-Shock GD-350-1BDR Digital Dial Black Resin Strap Men's Watch Shock and 200M Water Resistant G441,"8,495",4.7 out of 5 stars,(682)
119,Fastrack,Fastrack Vyb Quartz Analog Black Dial Black Genuine Leather Strap Watch for Men-FV30012KM01W,"2,560",4.1 out of 5 stars,(176)
120,Casio,EDifice EFR-539L-5AVUDF Brown Analog Dial Brown Leather Band Men's Watch Chronograph 100M Water Resistant EX194,"10,495",4.2 out of 5 stars,(328)
121,Giordano,"Square Dial Multifuncational Watch for Men with Stylish Design, Waterproof, Date Display & Silicone Strap","4,519",4.1 out of 5 stars,(50)
122,Titan,Titan Regalia Premium Quartz Chronograph with Date Forest Green Dial Gold Stainless Steel Strap Watch for Men - NT1830YM02,"19,995",4.4 out of 5 stars,(122)
123,Armani Exchange,"Stainless Steel Analog Black Dial Men's Watch-Ax2458, Band Color:Gray","23,995",4.3 out of 5 stars,(18)
124,Fossil,Fossil Analog Black Dial Men's Watch - Fs5437 - Leather,"12,191",4.2 out of 5 stars,(4.3K)
125,Noise,"Noise Diva 2 Fashion Smart Watch for Women - Sleekest Dial, 36mm AMOLED Display, Snug Fit, Improved Female Cycle Tracker, BT Calling, Sleep Tracking, AI Voice Assistant, Password Protection-Rose Link","4,999",4.1 out of 5 stars,(4.7K)
126,Citizen,Citizen Eco-Drive Analog Men's Green Dial - Rubber Band Watch Powered by Light Promaster-Bn0159-15X,"31,410",4.4 out of 5 stars,(381)
127,Fastrack,Fastrack Opulence Quartz Chronograph Black Dial Brown Metal Strap Watch for Guys - NT3315KM02,"6,795",3.9 out of 5 stars,(14)
128,Fossil,Analog Black Dial Men's Watch-BQ2746,"9,096",5.0 out of 5 stars,(2)
129,Fossil,Nate Chronograph Analog Black Dial Grey Band Men's Watch,"15,995",4.0 out of 5 stars,(11.2K)
130,ORSGA,"TITON Analog Business Casual Stainless Steel Strap Decorative Subdials Watch for Men, Stylish Waterproof Wrist Watch","2,949",5.0 out of 5 stars,(2)
131,Fossil,Fossil Analog Black Dial Men's Watch - FS5447,"7,995",4.2 out of 5 stars,(4.3K)
132,Seiko,Seiko Analog Off-White Dial Men's Watch-SRPK83K1,"28,800",4.0 out of 5 stars,(37)
133,Seiko,Seiko Analogue Blue Dial Silver Band Men's Stainless Steel Watch-SRPJ45K1,"27,000",4.4 out of 5 stars,(363)
134,Casio,Youth-Combination Analog-Digital Gold Dial Men's Watch - AEQ-110BW-9AVDF (AD206),"4,395",4.4 out of 5 stars,(1.5K)
135,Titan,Titan Quartz Analog with Date Champagne Dial Brown Leather Strap Watch for Men - NT1825WL02,"3,355",4.6 out of 5 stars,(97)
136,Casio,Casio G-Shock GA-2100-4ADR Analog-Digital Red Dial Men Watch Red Resin Strap (G988),"8,643.",4.3 out of 5 stars,(513)
137,Tommy Hilfiger,Quartz Multifunction Black Dial Silicone Strap Watch for Men-NETH1791722,"15,250",4.8 out of 5 stars,(25)
138,Armani Exchange,"Armani Exchange Stainless Steel Analog Black Dial Men Watch-Ax2748, Black Band","11,995",4.2 out of 5 stars,(354)
139,Casio,Edifice EFR-539L-1AVUDF Black Analog Dial Black Leather Band Men's Watch Chronograph 100M Water Resistant EX193,"9,760.",4.0 out of 5 stars,(501)
140,Titan,Titan Mechanical Automatic Blue Dial Blue Stainless Steel Strap Watch for Men - NT90110QM01,"18,282",4.0 out of 5 stars,(22)
141,Fossil,Bannon Analog Black Dial Men's Watch-BQ2494,"10,146",4.1 out of 5 stars,(127)
142,Fastrack,"Fastrack Limitless Glide X 1.83"" Smart Watch with Ultra UV HD Display, SpO2, Heart Rate & Sleep Tracking, Bluetooth Calling, 100+ Sports Modes, 5-Day Battery, Smartwatch for Men & Women (Green)","1,499",3.6 out of 5 stars,(111)
143,Titan,Titan Metal Mechanicals Automatic Blue Dial Silver Stainless Steel Strap Watch for Men - NT90140SM01,"23,795",3.5 out of 5 stars,(23)
144,Titan,Octane Analog Blue Dial Men's Watch NM90086KM01/NN90086KM01/NP90086KM01,"10,693",4.2 out of 5 stars,(73)
145,Titan,Titan Magnate Automatic Grey Dial Blue Leather Strap Watch for Men - NT1797KL02F,"23,495",4.4 out of 5 stars,(18)
146,Titan,"Titan Crest 1.43” AMOLED Smart Watch with BT Calling, AI Morning Briefs, Functional Crown, Health Tracking, Aluminium Body, 100+ Sports Modes, Smartwatch for Men and Women - Black Mesh Strap","5,999",3.8 out of 5 stars,(3.2K)
147,Fastrack,Fastrack Thor Quartz Multifunction Two Toned Black & Red Dial Brown Metal Strap Watch for Guys – NT3286KM01,"4,965",4.3 out of 5 stars,(166)
148,Titan,Classique Analog Blue Dial Men's Watch NM90102SM01/NN90102SM01/NP90102SM01,"10,523",4.3 out of 5 stars,(182)
149,Armani Exchange,Analog Gray Dial Men's Stainless Steel Watch-AX4184,"15,995",3.3 out of 5 stars,(7)
150,Tommy Hilfiger,Quartz Analog Blue Dial Leather Strap Watch for Men,"9,954.",,
151,Fastrack,Fastrack Stunners Quartz Analog Grey Dial Silver Metal Strap Watch for Guys - NT3291SM01​,"1,793",4.2 out of 5 stars,(289)
152,TIMEX,Men Analog Blue-TWHG03SMU10,"2,497.",4.1 out of 5 stars,(315)
153,Fastrack,Fastrack Analog Black Dial Men's Watch NM3147KM01/NN3147KM01,"4,363",4.3 out of 5 stars,(2.3K)
154,Casio,Edifice Men's EF-539D-1AV,"10,995",4.5 out of 5 stars,(677)
155,Casio,Edifice ECB-2200DD-1ADF Black Analog-Digital Dial Black Stainless Steel Band Men's Watch Smartphone Link Tough Solar ED590,"13,996.",4.3 out of 5 stars,(8)
156,Citizen,Analog Green Dial Men's Watch-CA4664-60W,"52,110",4.0 out of 5 stars,(8)
157,Invicta,Invicta Analogue Black Dial Men's Watch-26970,"7,495",4.5 out of 5 stars,(4.5K)
158,Seiko,Analog Men's Watch Stainless Steel,"22,500",4.4 out of 5 stars,(736)
159,Casio,G-Shock GWG-2000-1A5DR Gray IP Analog-Digital Dial Brown Resin Strap Men's Watch Mud Resistant Barometer Altimeter G1177,"65,995",4.1 out of 5 stars,(19)
160,Casio,Edifice ECB-900DB-1ADR Black & Red Analog-Digital Dial Silver Stainless Steel Band Men's Watch Smartphone Link World Time EX499,"16,995",4.5 out of 5 stars,(422)
161,Titan,Titan Mechanical Slimline Automatic Gold Dial Gold Stainless Steel Strap Watch for Men - NT90158YM01,"26,995",3.0 out of 5 stars,(9)
162,Casio,Edifice Chronograph Black Dial Men's Watch - EFR-526L-1AVUDF (EX096),"7,185",4.3 out of 5 stars,(766)
163,Titan,Chronograph Grey Dial Men's Watch NM9308KM01/NN9308KM01/NP9308KM01,"13,825",4.3 out of 5 stars,(370)
164,Fire-Boltt,"Fire-Boltt Axiom Smart Watch – 1.43"" AMOLED Display, Health & Fitness Tracking, Always-On Screen, Wireless Charging, Rotating Crown, Bluetooth Calling, Metal Case Smart Watch for Man & Woman- Black","2,499",4.0 out of 5 stars,(595)
165,Titan,Titan Neo Iv Analog Silver Dial Men's Watch-1802SL02 / 1802SL02,"1,995",4.3 out of 5 stars,(1.2K)
166,Fossil,Fossil Analog Green Dial Men's Stainless Steel Watch-FS6030,"13,495",4.2 out of 5 stars,(47)
167,BY BENYAR,"Leather Fashion Chronograph Men Watch (Gold Dial Colored Strap), Blue Band","2,990",3.8 out of 5 stars,(413)
168,Fossil,Analog Black Dial Men's Watch-BQ2746,"9,096",5.0 out of 5 stars,(2)
169,Fossil,Nate Chronograph Analog Black Dial Grey Band Men's Watch,"15,995",4.0 out of 5 stars,(11.2K)
170,Fossil,Fossil Analog Green Dial Men's Stainless Steel Watch-FS6030,"13,495",4.2 out of 5 stars,(47)
171,Daniel Hechter,Paris Bercy Collection Modern Multi Functional Watch for Men with Square Dial and Silicon Band-DHM1001,"2,780",4.3 out of 5 stars,(509)
172,Titan,Titan Mechanical Slimline Automatic Gold Dial Gold Stainless Steel Strap Watch for Men - NT90158YM01,"26,995",3.0 out of 5 stars,(9)
173,Giordano,"Automatic Unique Watch for Men with Stainless Steel Case, Silicone Strap, Luxury Design & Water Resistant","6,296",4.0 out of 5 stars,(10)
174,Fossil,Fossil Jacqueline Analog Rose Gold Dial Women's Watch - ES3546,"12,995",4.3 out of 5 stars,(4.4K)
175,Tommy Hilfiger,Quartz White Dial Silicone Strap Watch for Women,"7,199",,
176,Casio,Edifice ECB-900DB-1BDR Bluetooth Analog-Digital Black Dial Men Watch Silver Metal Strap (EX500),"16,145.",4.5 out of 5 stars,(462)
177,Tommy Hilfiger,Analog Rose Gold Dial Stainless Steel Strap Watch for Women,"7,879",5.0 out of 5 stars,(1)
178,Amazfit,"Amazfit Active 2 Square, 2000 Nits Bright AMOLED Display, Built in GPS, 10Day Battery, for Android & iPhone, Accurate Readings, BT Call, Sleep Monitor, 5ATM Water Resistant, Black Leather","12,999",4.3 out of 5 stars,(742)
179,Swiss Military by Chrono,Blue Dial Swiss Made Watch for Men - SMA34092.05,"1,21,000",,
180,Citizen,"Citizen Automatic Blue Dial Mens Watch NJ0151-88L, Analogue, Stainless Steel, Silver Strap","33,210",4.6 out of 5 stars,(110)
181,Titan,"Titan Women Metal Neo Analog Black Dial Watch-Np2652Nm01/Np2652Nm01, Band Color-Black","5,634",4.3 out of 5 stars,(341)
182,KENNETH COLE,Analog Black Dial Men's Casual Leather Watch,"10,019",1.9 out of 5 stars,(6)
183,Titan,Titan Classique Analog Silver Dial Men's Watch 90102SL01/NN90102SL01/NP90102SL01,"8,851",4.2 out of 5 stars,(500)
184,Fire-Boltt,"Fire-Boltt Clickk 54.1mm (2.12 inch) AMOLED Display, Front Camera, Nano SIM Slot, 1000mAh Smartwatch","2,799",3.0 out of 5 stars,(65)
185,Seiko,Stainless Steel Analog Black Dial Silver Strap Men's Watch-Ssc798P1,"46,800",4.6 out of 5 stars,(10)
186,Emporio Armani,"Emporio Armani Analog Blue Dial Men's Watch-AR11362 Stainless Steel, Multicolor Strap","27,995",3.6 out of 5 stars,(43)
187,Casio,Edifice EF-539D-1A5VDF Analog Black Dial Men Watch Silver Metal Strap (ED368),"10,335.",4.5 out of 5 stars,(217)
188,Carlington,"Digital Sports Watch, Dual Time, Alarm, Calendar, Stopwatch, Water-Resistant, Shock-Resistant, Back Light Display. The Perfect Watch for Men - CT 2106",999,4.0 out of 5 stars,(45)
189,Fire-Boltt,"Fire-Boltt Talk Bluetooth Calling Smartwatch, 1.39"" TFT Display with Dual Button, Hands On Voice Assistance, 120 Sports Modes, in Built Mic & Speaker (Talk, Green Wave)","1,099",4.0 out of 5 stars,(58.3K)
190,Fossil,Fossil Analog Black Dial Men's Watch - FS5447,"7,995",4.2 out of 5 stars,(4.3K)
191,Joker & Witch,Heath Metal Alloy Analogue Watch for Men,"1,499",1.7 out of 5 stars,(3)
192,Tommy Hilfiger,Quartz Analog Red Silicone Strap for Men-TH1710598W,"9,500",3.7 out of 5 stars,(15)
193,SKMEI,Men Watch Dual-Display Electronic Watch with Luminous 50m Waterproof Watch Fashion Mutifunctional Sports Watch for Men- 2100,"1,360",3.8 out of 5 stars,(287)
194,Titan,Titan Slim Quartz Multifunction Black Dial Silver Stainless Steel Strap Watch for Men - NR1877SM01,"5,289",4.3 out of 5 stars,(262)
195,Fastrack,Tees Wanderlust Quartz Analog Black Dial Green Silicone Strap Unisex Watch - NT38024PP71W,995,4.3 out of 5 stars,(95)
196,boAt,"boAt Wave Call Smart Watch w/Bluetooth Calling, 1.69"" (4.2 cm) HD Display w/ 550 NITS & 70% Color Gamut, 150+ Watch Faces, Multi-Sport Modes,HR,SpO2, IP68(Bold Black)","1,349",3.9 out of 5 stars,(27.7K)
197,TIMEX,Men Analog Blue-TWHG03SMU10,"2,497.",4.1 out of 5 stars,(315)
198,Fastrack,"Fastrack Limitless Glide X 1.83"" Smart Watch with Ultra UV HD Display, SpO2, Heart Rate & Sleep Tracking, Bluetooth Calling, 100+ Sports Modes, 5-Day Battery, Smartwatch for Men & Women (Wine Red)","1,499",4.0 out of 5 stars,(15K)
199,LOUIS DEVIN,Silicone Strap Analog Wrist Watch for Men (Black/Blue/Red) | LD-BK054,359,3.9 out of 5 stars,(5.1K)
200,Noise,"Noise Pulse 2 Max 1.85"" Display, Bluetooth Calling Smart Watch, 10 Days Battery, 550 NITS Brightness, Smart DND, 100 Sports Modes, Smartwatch for Men and Women (Jet Black)","1,399",4.0 out of 5 stars,(21.3K)
201,TIMEX,Analog Watch for Men Available in Multicolor Dial & Silver Stainless Steel Bracelet Band - Water Resistant Wrist Watches,"2,798",4.3 out of 5 stars,(48)
202,Fastrack,Casual Analog White Dial Men's Watch NM3114PP01/NN3114PP01/NP3114PP01,"1,185",3.9 out of 5 stars,(5.8K)
203,Fastrack,Ruffles Analog Beige Dial Women's Watch-6216QM01/NP6216QM01,"3,995",4.3 out of 5 stars,(556)
204,Casio,Youth Series Digital Black Dial Unisex Watch - F-91W-1Q(D002),"1,295",4.5 out of 5 stars,(12.8K)
205,Sonata,Super Fibre Analog Black Dial Men's Watch -NM7920PP13 / NL7920PP13/NP7920PP13,810,4.0 out of 5 stars,(2K)
206,Sonata,Poze 6 Cinnamon City Gents Quartz Brown Round Dial Men's Watch | Stainless Steel Strap Material | Watches for Men Analog - SP70080KM02,907.,,
207,Police,Mens 45 mm Urban Rebel Grey Dial Leather Analog Watch,"18,750",4.0 out of 5 stars,(10)
208,Invicta,Invicta Pro-Diver Analog Blue Dial Men's Watch-8928OB,"14,500",4.4 out of 5 stars,(13.7K)
209,Police,Mens 48 mm Extreme Rebel Grey Dial Leather Analog Watch - PLPEWJF2203601,"23,000",4.2 out of 5 stars,(7)
210,Casio,EFR539BK-1A Men's Watch,"13,995",4.0 out of 5 stars,(415)
211,French Connection,Sunray Green Round Dial with Gold Stainless Steel Strap Watch for Mens - FCN0121GM,"3,799",,
212,Titan,Titan Karishma Analog Silver Dial Men's Watch NM1739BM01/NN1739BM01/NP1739BM01,"3,475",4.1 out of 5 stars,(831)
213,Titan,Titan Karishma Analog Champagne Dial Women's Watch -NM2598YM01 / NL2598YM01,"1,995",4.2 out of 5 stars,(3.3K)
214,Noise,"Noise ColorFit Ultra 3 Bluetooth Calling Smart Watch with Biggest 1.96"" AMOLED Display, Premium Metallic Build, Functional Crown, Gesture Control with Metallic Strap (Jet Black: Elite Edition)","2,499",4.1 out of 5 stars,(18.9K)
215,Titan,Titan Metal Mechanicals Automatic Silver Dial Two Toned Silver and Rose Gold Stainless Steel Strap Watch for Men - NT90140KM01,"24,995",4.2 out of 5 stars,(35)
216,Sonata,Sleek Quartz Analog Black Dial Black Stainless Steel Strap Watch for Men,"2,495",4.7 out of 5 stars,(9)
217,Titan,Titan Ladies Neo Economy Analog White Dial Women's Watch 2639SL04/NN2639SL04,"1,995",4.4 out of 5 stars,(1.5K)
218,Armani Exchange,Analog Gray Dial Men's Stainless Steel Watch-AX4184,"15,995",3.3 out of 5 stars,(7)
219,GOBOULT,"GOBOULT Drift+ Smart Watch 1.85''HD Screen, Bluetooth Calling, IP68, 500 Nits Brightness,150+ Watchfaces, AI Voice Assistant, SpO2 Monitoring, 100+ Sports Mode Smartwatch (Jet Black)",999,4.0 out of 5 stars,(2.3K)
220,Titan,Titan Minimals Quartz Analog with Date Black Dial Black Metal Strap Watch for Men - NT1806NM01,"3,995",4.3 out of 5 stars,(652)
221,Acnos,Premium Brand Digital 4 Colours Square Dial Unisex Wrist Watch for Men Women Pack of 1 (WR),299,3.7 out of 5 stars,(2.1K)
222,TIMEX,Men's Expedition Metal Field 40mm Watch,"3,147.",4.2 out of 5 stars,(2.2K)
223,SWISSTONE,Stainless Steel Analogue Women's Watch (Blue Dial Silver Colored Strap),369,3.9 out of 5 stars,(959)
224,Pebble,"Pebble Hive 1.39"" Octa Display Smartwatch | BT Calling | Multi Sports Modes | Sleep Monitoring | Health Suite | Customizable Watch Faces | in-Built Games & World Clock","1,999",3.8 out of 5 stars,(294)
225,Fire-Boltt,"Fire-Boltt Newly Launched Phoenix Ultra Blaze Luxury Stainless Steel, Bluetooth Calling Smart Watch, AI Voice Assistant, Metal Body with 120+ Sports Modes, SpO2, Heart Rate Monitoring (Silver)","1,099",3.8 out of 5 stars,(5K)
226,Fossil,Silicone Analog Black Dial Men's Watch-Fs6036,"14,495",3.4 out of 5 stars,(26)
227,ORSGA,"TITON Analog Business Casual Stainless Steel Strap Decorative Subdials Watch for Men, Stylish Waterproof Wrist Watch","2,949",5.0 out of 5 stars,(2)
228,Fossil,Analog Black Dial Men's Watch-BQ2746,"9,096",5.0 out of 5 stars,(2)
229,Daniel Hechter,Paris Bercy Collection Modern Multi Functional Watch for Men with Square Dial and Silicon Band-DHM1001,"2,780",4.3 out of 5 stars,(509)
230,Carlington,"Digital Sports Watch, Dual Time, Alarm, Calendar, Stopwatch, Water-Resistant, Shock-Resistant, Back Light Display. The Perfect Watch for Men - CT 2106",999,4.0 out of 5 stars,(45)
231,Fire-Boltt,"Fire-Boltt Talk Bluetooth Calling Smartwatch, 1.39"" TFT Display with Dual Button, Hands On Voice Assistance, 120 Sports Modes, in Built Mic & Speaker (Talk, Green Wave)","1,099",4.0 out of 5 stars,(58.3K)
232,Casio,Youth Series Digital Black Dial Unisex Watch - F-91W-1Q(D002),"1,295",4.5 out of 5 stars,(12.8K)
233,Sonata,Essentials Analog White Dial Men's Watch-NL77083SM01/NP77083SM01,"1,099",4.2 out of 5 stars,(2.1K)
234,Sonata,Poze 6 Cinnamon City Gents Quartz Brown Round Dial Men's Watch | Stainless Steel Strap Material | Watches for Men Analog - SP70080KM02,907.,,
235,Titan,Titan Raga Viva Analog Rose Gold Dial Women's Watch NM2608WM01/NN2608WM01/NP2608WM01,"5,820",4.4 out of 5 stars,(1.4K)
236,Titan,Titan Bandhan Quartz Analog Brown Dial Brown Stainless Steel Strap Couple Watch - NT18062648QM01,"9,943",3.9 out of 5 stars,(27)
237,Sonata,SF Digital SF Digital Black Plastic Strap Watch for Men - NT77073PP02,695,4.2 out of 5 stars,(1.6K)
238,Police,Mens 45 mm Urban Rebel Grey Dial Leather Analog Watch,"18,750",4.0 out of 5 stars,(10)
239,Casio,Edifice EFR-556DB-2AVUDF Blue Analog Dial Silver Stainless Steel Band Men's Watch Chronograph 100M Water Resistant EX362,"11,995",4.4 out of 5 stars,(331)
240,Police,Mens 48 mm Extreme Rebel Grey Dial Leather Analog Watch - PLPEWJF2203601,"23,000",4.2 out of 5 stars,(7)
241,Casio,Vintage B640WD-1AVDF Digital Multicolor Dial Unisex Watch Silver Metal Strap (D129),"2,282.",4.4 out of 5 stars,(866)
242,French Connection,Sunray Green Round Dial with Gold Stainless Steel Strap Watch for Mens - FCN0121GM,"3,799",,
243,boAt,"boAt Valour Watch 1 GPS, AI Based Auto Gym, in Built GPS, Advanced X2 Chip, 6-axis sensors, 3 ATM,15 Days Battery,1.43"" AMOLED Display w/Gorilla Glass Smart Watches for Men & Women (Active Black)","5,999",4.0 out of 5 stars,(147)
244,Sonata,Quartz Analog White Dial Stainless Steel Strap Watch for Men-NR77049SM02,795,4.0 out of 5 stars,(1.3K)
245,Titan,Titan Metal Mechanicals Automatic Silver Dial Two Toned Silver and Rose Gold Stainless Steel Strap Watch for Men - NT90140KM01,"24,995",4.2 out of 5 stars,(35)
246,Sonata,Sleek Quartz Analog Black Dial Black Stainless Steel Strap Watch for Men,"2,495",4.7 out of 5 stars,(9)
247,Casio,Enticer Analog Black Dial Men's Watch - MTP-VD01G-1BVUDF (A1367),"3,776",4.3 out of 5 stars,(1.3K)
248,Fossil,Nate Chronograph Analog Black Dial Grey Band Men's Watch,"15,995",4.0 out of 5 stars,(11.2K)
249,Fossil,Fossil Analog Black Dial and Band Men's Stainless Steel Watch - FS4552,"13,776.",4.0 out of 5 stars,(2.7K)
250,ORSGA,"TITON Analog Business Casual Stainless Steel Strap Decorative Subdials Watch for Men, Stylish Waterproof Wrist Watch","2,949",5.0 out of 5 stars,(2)
251,Fossil,Fossil Analog Black Dial Men's Watch - FS5447,"7,995",4.2 out of 5 stars,(4.3K)
252,Armani Exchange,Analog Gray Dial Men's Stainless Steel Watch-AX4184,"15,995",3.3 out of 5 stars,(7)
253,PunnkFunnk,"Punnk Funnk® Q18 Present Smart Kids LBS Location Tracking Watch with Voice Calling, SOS, Remote Monitoring, Camera, Geo-Fencing Function (Ocean Green)","1,299",2.8 out of 5 stars,(1K)
254,Titan,Titan Minimals Quartz Analog with Date Black Dial Black Metal Strap Watch for Men - NT1806NM01,"3,995",4.3 out of 5 stars,(652)
255,Casio,Youth Series Digital Grey Dial Men's Watch - W-96H-1AVDF(D031),"1,895",4.3 out of 5 stars,(1.3K)
256,Acnos,Premium Brand Digital 4 Colours Square Dial Unisex Wrist Watch for Men Women Pack of 1 (WR),299,3.7 out of 5 stars,(2.1K)
257,Sonata,SF Quartz Analog White Dial Fern Green Plastic Strap Watch for Men - NT7921PP15,625,4.2 out of 5 stars,(1.2K)
258,TIMEX,Men's Expedition Metal Field 40mm Watch,"3,147.",4.2 out of 5 stars,(2.2K)
259,Titan,Karishma Revive Analog Champagne Dial Women's Watch 2593YM01/NN2593YM01/NP2593YM01,"1,975",4.1 out of 5 stars,(482)
260,SKMEI,"New Car Wheel Watch with Rolling Creative Fashion Analog Watch, Black Dial Zink Alloy Case Men's Watch, Stainless Steel Black Color Band, Quartz Movement, Water & Scratch-Resistant-1990","1,799",4.0 out of 5 stars,(2.8K)
261,Titan,Analog White Dial Men's Watch NM1639SL03/NN1639SL03,"3,945",4.2 out of 5 stars,(562)
262,Fastrack,Fastrack Tick Tock Quartz Multifunction Black Dial Brown Leather Strap Watch for Guys – NT3287NL01,"3,995",4.4 out of 5 stars,(205)
263,Fastrack,Fastrack Fundamentals Analog Blue Dial Men's Watch NM38051SM03/NN38051SM03,"2,120",4.2 out of 5 stars,(2.7K)
264,BY BENYAR,Automatic Mechanical Skeleton Leather Strap Men's Watch,"3,990",4.0 out of 5 stars,(1.6K)
265,Fastrack,Fundamentals Analog Blue Dial Women's Watch NM68010SM02 / NL68010SM02,"1,695",4.3 out of 5 stars,(882)
266,Carlington,Legacy Series Analog Wrist Watches with Chronograph & Silicone Strap for Men - CT 9999,"1,699",4.2 out of 5 stars,(164)
267,Zoya Akhtar,Zindagi Na Milegi Dobara,99,4.2 out of 5 stars,(136)
268,Fastrack,Fastrack Trendies Analog Black Dial Men's Watch-38058PP03/NP38058PP03,"1,595",4.1 out of 5 stars,(815)
269,Titan,Karishma Analog Champagne Dial Men's Watch NM1580YL05/NN1580YL05/NP1580YL05,"2,875",4.0 out of 5 stars,(1.3K)
270,Fastrack,Tees Wanderlust Quartz Analog Forest Green Dial Black Silicone Strap Unisex Watch - NT38024PP73W,995,4.1 out of 5 stars,(96)
271,Samsung,"Samsung Galaxy Watch 7 (44mm, Silver, BT+LTE) with 3nm Processor | Dual GPS | Sapphire Glass & Armour Aluminum | 5ATM & IP68 | HR, SpO2, BP & ECG Monitor","18,898",4.0 out of 5 stars,(40)
272,TIMEX,Analog Watch for Men Available in Multicolor Dial & Silver Stainless Steel Bracelet Band - Water Resistant Wrist Watches,"2,518",3.7 out of 5 stars,(28)
273,Titan,Karishma Analog Black Dial Men's Watch-NM9151SM02 / NL9151SM02,"2,145",4.0 out of 5 stars,(1.7K)
274,Fastrack,Fastrack Quartz Analog Digital Black Dial Blue Plastic Strap Unisex Watch - NT38076PP05W,"2,293",4.1 out of 5 stars,(127)
275,Redmi,"Redmi Watch 5 Active, 2"" Display, Metal Body, 18 Day Battery, Bluetooth Calling, Advanced AI Noise Cancellation, Alexa, Matte Silver","1,999",4.1 out of 5 stars,(706)
276,Fastrack,Fastrack Vyb 6.0 Runway Quartz Light Blue Round Dial Women's Watch | Stainless Steel Mesh Strap Material | Watches for Women Analog | Girl's Analog Watches - FV60090SM01,"1,494",5.0 out of 5 stars,(6)
277,Fastrack,Fastrack Bold Quartz Analog Black Dial Silver Stainless Steel Strap Watch for Guys - NT38051SM07,"1,995",4.3 out of 5 stars,(2.1K)
278,Titan,Karishma Analog Silver Dial Women's Watch NM2598YM02/NN2598YM02,"1,895",4.4 out of 5 stars,(502)
279,Noise,"Noise Colorfit Pro 5 Smart Watch 1.85"" AMOLED Display, BT Calling, New DIY Watch Faces, Smart Dock Design, Emergency SOS Tech, Emoji Support, 5X Faster Data Transfer, Instacharge?? (Starlight Gold)","2,909",4.0 out of 5 stars,(12.2K)
280,Casio,MTP-VT01L-7B2 Men's Minimalistic Silver Dial Brown Leather Band Analog Watch,"3,295",4.4 out of 5 stars,(404)
281,Lerentia Basson,Watch Out Dragon!,442,,
282,Casio,Analogue Men's Watch (Green Dial Green Colored Strap),"3,295",4.3 out of 5 stars,(526)
283,Sonata,Sonata Poze 6 Chrome Calling Quartz Blue Round Dial Men's Watch | Cut foled/Sheet Strap Material | Watches for Men Analog - SP70078SM01,"1,196",3.8 out of 5 stars,(10)
284,Fossil,"Fossil Men Silicone Machine Chronograph Black Dial Watch-Fs4487, Band Color-Black","13,495",4.2 out of 5 stars,(406)
285,Fossil,"Fossil Men Leather Townsman Analog Black Dial Watch-Me3155, Brown, Free Size, Band Color-Brown","19,995",4.2 out of 5 stars,(313)
286,Fire-Boltt,"Fire-Boltt Newly Launched Phoenix Ultra Blaze Luxury Stainless Steel, Bluetooth Calling Smart Watch, AI Voice Assistant, Metal Body with 120+ Sports Modes, SpO2, Heart Rate Monitoring (Silver)","1,099",3.8 out of 5 stars,(5K)
287,Fossil,Fossil Analog Green Dial Men's Stainless Steel Watch-FS6030,"13,495",4.2 out of 5 stars,(47)
